,issue,stance,arguAI,arguHuman,Winner
0,Ban plastic water bottles,Disagree,"
Plastic water bottles have a detrimental effect on the environment, and thus should be banned to
minimize plastic waste and pollution. The water bottles are often made from non-biodegradable
materials and can take hundreds of years to break down. This long-term accumulation of plastic waste
has a significant negative impact on numerous ecosystems, habitats, and species. Banning the use of
plastic water bottles is a crucial step towards a cleaner and sustainable future.","The growth in bottled water production has increased water extraction in areas near bottling plants,
leading to water shortages that affect nearby consumers and farmers. In addition to the millions of
gallons of water used in the plastic-making process, two gallons of water are wasted in the
purification process for every gallon that goes into the bottles.",AI 
